{"cameraMode":{"drawMode":0,"name":"Shaded","section":"Shading Mode"},"sceneLighting":false,"audioPlay":false,"sceneViewState":{"m_AlwaysRefresh":false,"showFog":true,"showSkybox":false,"showFlares":true,"showImageEffects":true,"showParticleSystems":true,"showVisualEffectGraphs":true,"m_FxEnabled":true},"in2DMode":false,"pivot":{"x":-0.33493220806121828,"y":3.4365642070770265,"z":-1.563514232635498},"rotation":{"x":0.35404062271118166,"y":-0.007924888283014298,"z":0.0019964349921792747,"w":0.9354329109191895},"size":0.06261797994375229,"orthographic":false}